"DESCRIPTION","DURATION IN MS","NAME","PARENT SUITE","START TIME","STATUS","STOP TIME","SUB SUITE","SUITE","TEST CLASS","TEST METHOD"
"","8029","test_find_invalid_report","tests","Fri Jan 30 21:39:15 UTC 2026","passed","Fri Jan 30 21:39:23 UTC 2026","TestPimReports","features_profile_test","",""
"","26378","Directory filter by Job Title: QA Engineer","tests","Fri Jan 30 21:37:24 UTC 2026","broken","Fri Jan 30 21:37:51 UTC 2026","TestDirectory","features_profile_test","",""
"","23423","test_vacancy_existed","tests","Fri Jan 30 21:40:09 UTC 2026","broken","Fri Jan 30 21:40:33 UTC 2026","TestVacancies","features_profile_test","",""
"","13350","test_delete_report","tests","Fri Jan 30 21:39:23 UTC 2026","passed","Fri Jan 30 21:39:37 UTC 2026","TestPimReports","features_profile_test","",""
"","22664","test_hidden_block","tests","Fri Jan 30 21:43:40 UTC 2026","broken","Fri Jan 30 21:44:02 UTC 2026","TestRecruitmentCandidate","features_profile_test","",""
"","25664","test_add_country","tests","Fri Jan 30 21:33:17 UTC 2026","broken","Fri Jan 30 21:33:43 UTC 2026","TestNationalities","features_profile_test","",""
"","25734","Delete nationality: Kyiv","tests","Fri Jan 30 21:34:10 UTC 2026","broken","Fri Jan 30 21:34:35 UTC 2026","TestNationalities","features_profile_test","",""
"","23681","test_sorting_in_candidates_table[click_on_sort_icon_btn-are_sorted_ascending_vacancy_in_table-Vacancy-Ascending]","tests","Fri Jan 30 21:44:03 UTC 2026","broken","Fri Jan 30 21:44:26 UTC 2026","TestRecruitmentCandidate","features_profile_test","",""
"","25578","Validate error when nationality already exists (Ukraine)","tests","Fri Jan 30 21:35:31 UTC 2026","broken","Fri Jan 30 21:35:56 UTC 2026","TestNationalities","features_profile_test","",""
"","23742","test_if_search_for_invalid_record_via_calendar","tests","Fri Jan 30 21:47:57 UTC 2026","broken","Fri Jan 30 21:48:21 UTC 2026","TestRecruitmentCandidate","features_profile_test","",""
"","22650","test_if_search_for_invalid_data_via_calendar","tests","Fri Jan 30 21:47:34 UTC 2026","broken","Fri Jan 30 21:47:57 UTC 2026","TestRecruitmentCandidate","features_profile_test","",""
"","8098","test_hide_block","tests","Fri Jan 30 21:39:37 UTC 2026","passed","Fri Jan 30 21:39:45 UTC 2026","TestPimReports","features_profile_test","",""
"","22814","test_if_search_for_11_in_calendar","tests","Fri Jan 30 21:47:11 UTC 2026","broken","Fri Jan 30 21:47:34 UTC 2026","TestRecruitmentCandidate","features_profile_test","",""
"","22695","test_sorting_in_candidates_table[click_on_sort_icon_btn-are_sorted_descending_vacancy_in_table-Vacancy-Descending]","tests","Fri Jan 30 21:44:27 UTC 2026","broken","Fri Jan 30 21:44:50 UTC 2026","TestRecruitmentCandidate","features_profile_test","",""
"","25802","test_scraping_all_countries_in_table","tests","Fri Jan 30 21:32:51 UTC 2026","broken","Fri Jan 30 21:33:17 UTC 2026","TestNationalities","features_profile_test","",""
"","23148","Add new vacancy with Job Title: QA Lead","tests","Fri Jan 30 21:39:46 UTC 2026","broken","Fri Jan 30 21:40:09 UTC 2026","TestVacancies","features_profile_test","",""
"","14187","test_add_report","tests","Fri Jan 30 21:38:26 UTC 2026","passed","Fri Jan 30 21:38:40 UTC 2026","TestPimReports","features_profile_test","",""
"","25800","Add nationality: Kyiv","tests","Fri Jan 30 21:33:43 UTC 2026","broken","Fri Jan 30 21:34:09 UTC 2026","TestNationalities","features_profile_test","",""
"","27891","Add nationality: Portu","tests","Fri Jan 30 21:34:36 UTC 2026","broken","Fri Jan 30 21:35:04 UTC 2026","TestNationalities","features_profile_test","",""
"","33724","test_find_a_new_report","tests","Fri Jan 30 21:38:41 UTC 2026","broken","Fri Jan 30 21:39:14 UTC 2026","TestPimReports","features_profile_test","",""
"","23662","test_shown_error_when_empty_fields","tests","Fri Jan 30 21:42:06 UTC 2026","broken","Fri Jan 30 21:42:29 UTC 2026","TestRecruitmentCandidate","features_profile_test","",""
"","22673","test_sorting_in_candidates_table[click_on_sort_icon_candidate-are_sorted_descending_candidate_in_table-Candidate-Descending]","tests","Fri Jan 30 21:45:13 UTC 2026","broken","Fri Jan 30 21:45:36 UTC 2026","TestRecruitmentCandidate","features_profile_test","",""
"","22709","test_if_search_for_july_in_calendar","tests","Fri Jan 30 21:46:48 UTC 2026","broken","Fri Jan 30 21:47:10 UTC 2026","TestRecruitmentCandidate","features_profile_test","",""
"","22723","test_found_invalid_data","tests","Fri Jan 30 21:42:53 UTC 2026","broken","Fri Jan 30 21:43:16 UTC 2026","TestRecruitmentCandidate","features_profile_test","",""
"","22859","Vacancies filter: Software Engineer","tests","Fri Jan 30 21:40:56 UTC 2026","broken","Fri Jan 30 21:41:19 UTC 2026","TestVacancies","features_profile_test","",""
"","22756","test_found_candidate","tests","Fri Jan 30 21:42:30 UTC 2026","broken","Fri Jan 30 21:42:53 UTC 2026","TestRecruitmentCandidate","features_profile_test","",""
"","26395","Directory filter by Job Title: Chief Financial Officer","tests","Fri Jan 30 21:37:51 UTC 2026","broken","Fri Jan 30 21:38:18 UTC 2026","TestDirectory","features_profile_test","",""
"","26180","Validate 'Required' error when Nationality field is empty","tests","Fri Jan 30 21:35:57 UTC 2026","broken","Fri Jan 30 21:36:23 UTC 2026","TestNationalities","features_profile_test","",""
"","22687","test_found_no_records","tests","Fri Jan 30 21:43:16 UTC 2026","broken","Fri Jan 30 21:43:39 UTC 2026","TestRecruitmentCandidate","features_profile_test","",""
"","22666","test_search_for_valid_data_via_calendar","tests","Fri Jan 30 21:46:25 UTC 2026","broken","Fri Jan 30 21:46:47 UTC 2026","TestRecruitmentCandidate","features_profile_test","",""
"","4365","test_with_valid_crendentional","tests","Fri Jan 30 21:32:46 UTC 2026","passed","Fri Jan 30 21:32:51 UTC 2026","TestProfileFeatures","features_profile_test","",""
"","7321","Directory filter by Job Title: HR Manager","tests","Fri Jan 30 21:37:17 UTC 2026","passed","Fri Jan 30 21:37:24 UTC 2026","TestDirectory","features_profile_test","",""
"","26410","Directory filter by Job Title: Software Engineer","tests","Fri Jan 30 21:36:50 UTC 2026","broken","Fri Jan 30 21:37:16 UTC 2026","TestDirectory","features_profile_test","",""
"","26002","Delete nationality: Portu","tests","Fri Jan 30 21:35:04 UTC 2026","broken","Fri Jan 30 21:35:30 UTC 2026","TestNationalities","features_profile_test","",""
"","22651","test_add_new_candidate","tests","Fri Jan 30 21:41:43 UTC 2026","broken","Fri Jan 30 21:42:05 UTC 2026","TestRecruitmentCandidate","features_profile_test","",""
"","23694","test_sorting_in_candidates_table[click_on_sort_icon_hiring-are_sorted_descending_hiring_in_table-Hiring-Descending]","tests","Fri Jan 30 21:46:00 UTC 2026","broken","Fri Jan 30 21:46:24 UTC 2026","TestRecruitmentCandidate","features_profile_test","",""
"","25950","Edit nationality and verify update notification","tests","Fri Jan 30 21:36:23 UTC 2026","broken","Fri Jan 30 21:36:49 UTC 2026","TestNationalities","features_profile_test","",""
"","23664","test_sorting_in_candidates_table[click_on_sort_icon_hiring-are_sorted_ascending_hiring_in_table-Hiring-Ascending]","tests","Fri Jan 30 21:45:36 UTC 2026","broken","Fri Jan 30 21:46:00 UTC 2026","TestRecruitmentCandidate","features_profile_test","",""
"","22644","test_show_error_when_empty_field","tests","Fri Jan 30 21:40:33 UTC 2026","broken","Fri Jan 30 21:40:56 UTC 2026","TestVacancies","features_profile_test","",""
"","22688","Vacancies filter: Sales Representative","tests","Fri Jan 30 21:41:20 UTC 2026","broken","Fri Jan 30 21:41:42 UTC 2026","TestVacancies","features_profile_test","",""
"","7477","Directory: No records found for Support Specialist filter","tests","Fri Jan 30 21:38:18 UTC 2026","passed","Fri Jan 30 21:38:26 UTC 2026","TestDirectory","features_profile_test","",""
"","22708","test_sorting_in_candidates_table[click_on_sort_icon_candidate-are_sorted_ascending_candidate_in_table-Candidate-Ascending]","tests","Fri Jan 30 21:44:50 UTC 2026","broken","Fri Jan 30 21:45:13 UTC 2026","TestRecruitmentCandidate","features_profile_test","",""
